{
  "project_info": {
    "project_number": "161919912263",
    "project_id": "appletrack-804c7",
    "storage_bucket": "appletrack-804c7.appspot.com"
  },
  "client": [
    {
      "client_info": {
        "mobilesdk_app_id": "1:161919912263:android:d935344ec3883d4948e462",
        "android_client_info": {
          "package_name": "com.example.appletrackKD"
        }
      },
      "oauth_client": [
        {
          "client_id": "161919912263-pkdgpc6grs4p3se1sr3lujg0vselqkvg.apps.googleusercontent.com",
          "client_type": 1,
          "android_info": {
            "package_name": "com.example.appletrackKD",
            "certificate_hash": "c10cd1fd1f194b9e7384a85f1fc5252ea38c390b"
          }
        },
        {
          "client_id": "161919912263-0gil1paq116t0j2io6ehgqf8jscke96f.apps.googleusercontent.com",
          "client_type": 3
        }
      ],
      "api_key": [
        {
          "current_key": "AIzaSyBjjbiUGw6a1EM1NgPxssNwkzl-y8zNpt0"
        }
      ],
      "services": {
        "appinvite_service": {
          "other_platform_oauth_client": [
            {
              "client_id": "161919912263-0gil1paq116t0j2io6ehgqf8jscke96f.apps.googleusercontent.com",
              "client_type": 3
            }
          ]
        }
      }
    }
  ],
  "configuration_version": "1"
}